slep,indicador,dep_tot,dep_pub,dep_sub,dep_pag,area_tot,area_urb,area_rur,gse_tot,gse_bajo,gse_medio_bajo,gse_medio,gse_medio_alto,gse_alto
CHINCHORRO,ratio docente,13.72,10.18,20.08,13.41,13.72,17.73,6.05,15.09,12,14.95,16.81,16.67,11.73
IQUIQUE,ratio docente,22.31,17.42,24.15,21.8,22.31,22.47,20.02,22.36,23.38,21.22,22.08,25.36,21.8
TAMARUGAL,ratio docente,9.38,8.99,24.18,,9.38,,9.38,10.04,10.08,14.03,13.62,4.82,3.75
ANTOFAGASTA,ratio docente,20.05,19.17,24.41,14.22,20.05,20.32,6.57,20.2,17.14,20.2,22.07,22.14,15.03
LICANCABUR,ratio docente,18.57,16.85,25.75,14.34,18.57,21.48,5.75,18.64,19.01,20.05,19.84,16.83,13.09
ATACAMA,ratio docente,17.9,16.49,21.22,18.56,17.9,18.44,13.27,19.4,16.85,17.3,20.71,21.57,18.56
HUASCO,ratio docente,14.17,13.37,23.74,10.67,14.17,17.38,9.5,14.78,11.99,13.21,16.11,23.74,10.67
ELQUI,ratio docente,14.54,11.21,17.99,15.67,14.54,15.83,9.22,15.01,11.11,13.45,15.82,17.75,16.39
PUERTO CORDILLERA,ratio docente,15.87,12.32,18.99,19.07,15.87,17.31,7.68,16.28,12.27,15.22,17.67,18.92,19.07
LIMARÍ,ratio docente,10.19,8.41,19.25,31.5,10.19,17.98,6.33,11.04,8.16,11.12,14.96,21.65,29.5
CHOAPA,ratio docente,10.48,10.25,10.88,,10.48,15.55,7.33,11.57,8.88,12.44,13.6,12.7,
VALPARAÍSO,ratio docente,13.56,10.09,16.43,14.1,13.56,13.59,10.93,13.7,9.26,11.85,16.53,17.27,14.45
HANGA ROA,ratio docente,12.56,13.14,11.99,,12.56,12.56,,12.56,,,13.14,11.99,
COSTA CENTRAL,ratio docente,14.57,10.91,18.26,14.6,14.57,14.88,9.24,14.6,10.13,14.04,14.81,17.03,14.73
PETORCA,ratio docente,9.86,8.14,16.42,10.71,9.86,14.62,6.41,10.3,5.57,10.75,12.36,12.76,10.71
LOS ANDES,ratio docente,13.75,9.73,20.32,17.92,13.75,15.37,5.13,13.94,7.81,10.37,16.12,25.75,18.95
QUILLOTA,ratio docente,14.17,10.3,18.31,19.04,14.17,16.21,7.66,14.27,7.07,11.53,16.28,18.86,19.04
MARGA MARGA,ratio docente,13.89,10.6,15.79,15.17,13.89,14.4,7.51,13.97,8.64,12.09,14.63,17.95,15.17
DEL LITORAL,ratio docente,14.97,11.86,18.36,11.55,14.97,16.4,8.48,14.91,11.11,13.09,17.11,16.21,11.55
ACONCAGUA,ratio docente,11.44,8.57,16.93,16.03,11.44,13.35,7.29,11.57,7.81,10.6,13.39,15.15,16.03
SANTIAGO CENTRO,ratio docente,18.62,15.67,21.27,15.78,18.62,18.62,,19.09,,20.36,18.23,20.8,15.78
MAIPO SUR,ratio docente,19.62,16.25,25.32,17.29,19.62,21,15.55,19.62,20.14,17.01,19.81,26.51,19.72
SANTA CORINA,ratio docente,20.21,16.58,21.96,17.81,20.21,20.21,,20.31,16.26,17.28,21.17,22.29,19.47
CHACABUCO,ratio docente,20.72,18.85,25.37,12.82,20.72,21.99,14.13,20.76,20.95,23.63,21.67,22.47,12.82
LOS LIBERTADORES,ratio docente,22.11,16.37,25.76,24.08,22.11,22.06,25.77,22.11,14.27,18.65,24.3,27.69,24.08
DEL PINO,ratio docente,19.13,15.71,21.52,16.11,19.13,19.2,17.13,19.2,17.52,18.65,21.19,24.75,16.11
MAPOCHO,ratio docente,19.85,15.48,22.96,16.74,19.85,19.85,,20.19,13.93,19.4,22.32,21.77,16.74
SANTA ROSA,ratio docente,18.69,14.65,20.58,17,18.69,18.69,,18.92,15.99,16.49,20.86,22.75,18.6
LA QUEBRADA,ratio docente,16.89,14.66,19.33,13.09,16.89,16.89,,17.27,13.85,18.2,18.33,19.35,13.7
MANQUEHUE,ratio docente,13.58,16.18,16.77,11.97,13.58,13.62,6.53,13.8,,14.36,17.3,18.45,12.15
GABRIELA MISTRAL,ratio docente,17.28,13,20.53,13.57,17.28,17.28,,17.3,11.46,16.96,18.78,19.98,13.57
MELIPILLA,ratio docente,15.36,13.18,19.37,13.54,15.36,17.38,12.18,15.67,14.29,14.79,16,24.13,15.07
BARRANCAS,ratio docente,19.58,15.34,23.2,28.58,19.58,19.63,18.11,19.68,14.94,18.75,22.18,27.99,28.58
LOS VIÑEDOS,ratio docente,18.39,15.6,19.98,13.06,18.39,18.94,13.84,18.55,15.79,17.83,18.43,24.9,15.68
LOS PARQUES,ratio docente,20.52,16.81,22.82,,20.52,20.52,,20.52,18.46,19.19,21.97,21.6,
TALAGANTE,ratio docente,18.24,14.34,20.82,15.59,18.24,18.69,12.45,18.35,12.84,16.64,21.66,21.81,15.46
COSTA COLCHAGUA,ratio docente,9.37,8.06,23.28,12.88,9.37,16.5,6.21,10.2,8.71,9.85,12.97,10.52,12.88
VALLE CACHAPOAL,ratio docente,13.21,11.83,19.34,,13.21,16.65,10.44,13.21,10.95,12.82,17.08,22.49,
CACHAPOAL COSTA,ratio docente,12.42,10.74,18.76,,12.42,16.35,10.1,12.53,11.35,11.31,14.54,20.8,
CARDENAL CARO,ratio docente,9.36,8.71,18.96,,9.36,15.75,6.65,10.29,5.57,10.84,13.3,12.77,
CACHAPOAL NORTE,ratio docente,16.55,13.8,19.2,16.08,16.55,17.59,11.35,16.59,13.2,15.02,18.35,20.38,16.08
COLCHAGUA,ratio docente,13.06,10.46,17.82,15.45,13.06,15.45,10.36,13.06,10.66,12.88,16.19,19.05,15.45
MAULE COSTA,ratio docente,10.73,9.12,19.22,14.06,10.73,14.88,7.53,11.55,8.77,12.26,15.67,18.77,14.06
LOS CEREZOS,ratio docente,10.93,8.82,17.71,14.48,10.93,15.02,7.6,11.34,10.08,10.29,14.22,17.06,14.48
LOS ÁLAMOS,ratio docente,11.34,9.39,17.67,20.65,11.34,15.52,8.64,11.67,9.27,11.95,18.73,17.35,20.65
MAULE VALLE,ratio docente,12.63,9.08,20.22,18.5,12.63,16.33,7.6,12.82,9.55,12.2,15.91,18.8,18.5
VALLE DIGUILLÍN,ratio docente,10.41,7.01,16.31,15.9,10.41,13.29,6.5,10.82,7.75,9.9,14.26,17.8,17.12
PUNILLA CORDILLERA,ratio docente,7.78,6.61,13.72,,7.78,11.63,6.08,8.29,6.65,9.17,13.19,13.81,
COSTA ITATA,ratio docente,6.92,6.3,13.53,,6.92,11.39,4.73,7.37,4.57,8.88,10.22,5.83,
ANDALIÉN SUR,ratio docente,12.25,8.04,15.8,14.78,12.25,13.55,5.82,12.49,6.79,9.72,15.18,16.98,15.57
PUELCHE,ratio docente,8.96,8.3,12.31,,8.96,12.46,7.15,9.76,8.67,10.91,10.61,,
ARAUCO NORTE,ratio docente,9.4,8.34,15.96,13.81,9.4,12.83,5.85,10.43,8,11.8,14.36,14.21,13.81
ARAUCO SUR,ratio docente,8.46,7.33,11.63,,8.46,12.65,7.15,9.12,7.87,10.16,15.77,16.3,
ANDALIÉN COSTA,ratio docente,13.27,9.31,17.81,14.72,13.27,14.35,4.74,13.62,8.02,12.76,17.92,18.73,16.35
VALLE BIOBÍO,ratio docente,8.74,7.74,12.71,,8.74,12.58,5.25,9.95,7.08,9.41,13.55,18.68,
LOS COPIHUES,ratio docente,12.61,9.24,17.43,16.41,12.61,15.38,8.29,12.89,10.75,12.02,15.01,16.64,16.41
LAS CALETAS,ratio docente,11.25,8.88,15.37,20.83,11.25,12.49,5.32,11.55,7.4,9.9,12.64,16.33,20.83
MALLECO COSTA,ratio docente,11.87,10.46,14.32,18.52,11.87,14.18,9.15,12.28,11.22,12.53,15.02,17.62,18.52
COSTA ARAUCANÍA,ratio docente,10.31,7.79,11.8,,10.31,13.64,9.03,10.93,9.89,12.45,15.57,,
MALLECO CORDILLERA,ratio docente,10.7,9.33,14.16,,10.7,13.78,8.48,10.55,9.54,10.46,13.85,16.79,
CAUTÍN NORTE,ratio docente,12.29,9.27,14.3,15.7,12.29,15.59,8.72,12.48,9.72,13.24,15.93,18.24,16.78
CAUTÍN SUR,ratio docente,10.89,8.22,12.6,11.44,10.89,13.22,9.5,11.19,9.45,11.41,14.55,15.27,13.62
RANCO,ratio docente,9.81,7.47,13.8,12.6,9.81,14.12,8.33,10.65,7.73,12.7,12.34,13.47,12.6
VALDIVIA,ratio docente,10.38,8.11,12.97,14.02,10.38,13.36,7.73,11.13,8.38,10.76,13.7,17.21,15.17
LLANQUIHUE,ratio docente,11.82,9.87,15.62,14.62,11.82,15.73,9.7,12.01,10.43,12.52,13.89,11.01,14.62
CHILOÉ,ratio docente,8.26,6.53,13.04,,8.26,13.4,5.5,8.62,6.81,9.22,10.07,10.44,15.55
OSORNO,ratio docente,12.34,9.41,15.92,15.5,12.34,15.03,8.89,12.84,11.8,12.16,14.03,17.66,15.5
RELONCAVÍ,ratio docente,12.37,9.43,20.52,16.23,12.37,17.75,8.4,13,9.22,12.37,16.19,19.47,18.56
AYSÉN,ratio docente,10.77,8.71,15.38,,10.77,12.88,7.94,11.06,10.21,8.91,12.2,17.16,16.02
MAGALLANES,ratio docente,12.63,10.37,18.03,14.53,12.63,14.28,4.78,13.4,8.06,12.21,13.92,15.26,14.6
TODAS,ratio docente,13.74,10.41,18.1,14.66,13.74,16.58,8.1,14.17,9.95,13.59,16.98,19.18,15.01
CHINCHORRO,ratio docente parvularia,16.97,15.42,19.4,11.68,16.97,17.21,15.26,17.26,17.3,16.15,17.94,20.95,11.68
IQUIQUE,ratio docente parvularia,24.32,23.11,25.42,17.57,24.32,24.24,24.98,24.56,24.45,26.25,23.8,23.7,17.57
TAMARUGAL,ratio docente parvularia,16.78,16.78,,,16.78,,16.78,16.78,14.83,19.13,15.8,24,
ANTOFAGASTA,ratio docente parvularia,22.64,22.8,28.01,14.5,22.64,22.64,,22.64,48.75,22.94,24.03,23.38,15.14
LICANCABUR,ratio docente parvularia,22.99,23.69,27.13,13.17,22.99,23.66,9.67,23.69,11.8,31.89,21.7,29.94,13.17
ATACAMA,ratio docente parvularia,20.84,19.38,22.55,27.27,20.84,21.22,14.67,22.41,15.83,20.43,20.97,23.63,27.27
HUASCO,ratio docente parvularia,16.55,16.04,21.13,11,16.55,17.02,15,16.55,12.75,13.41,18.99,21.13,11
ELQUI,ratio docente parvularia,16.52,12.65,20.1,18.61,16.52,17.28,11.27,16.65,10.52,14.28,16.42,21.86,18.61
PUERTO CORDILLERA,ratio docente parvularia,16.67,13.33,19.23,16.58,16.67,16.39,20.75,16.67,13.83,13.37,18.47,21.67,16.58
LIMARÍ,ratio docente parvularia,15.87,13,33.16,15.5,15.87,17.05,14.55,15.86,12.37,13.44,28.09,27.32,20
CHOAPA,ratio docente parvularia,17.57,18.16,16.21,,17.57,16.36,19.22,17.91,14.31,18.55,18.36,22.5,
VALPARAÍSO,ratio docente parvularia,16.27,12.95,19.52,12.1,16.27,16.27,,16.37,12.3,12.93,20.98,20.47,12.78
HANGA ROA,ratio docente parvularia,16.19,20.38,12,,16.19,16.19,,16.19,,,20.38,12,
COSTA CENTRAL,ratio docente parvularia,17.52,16.49,21.42,11.48,17.52,17.57,16.5,17.52,11.11,19.06,17.83,22.09,11.8
PETORCA,ratio docente parvularia,15.85,13.7,22.54,,15.85,18.55,13.3,15.85,8.25,16.21,17.75,17.17,
LOS ANDES,ratio docente parvularia,17.36,14.32,23.62,16.98,17.36,17.6,15.83,17.62,17.5,14,18.51,31.24,17.3
QUILLOTA,ratio docente parvularia,16.04,12.7,20.16,17.22,16.04,17.26,12.37,16.04,9.83,13.83,17.83,21.41,17.22
MARGA MARGA,ratio docente parvularia,17.05,15.87,17.66,18.31,17.05,17.46,12.45,17.19,10.2,14.5,17.97,21.55,18.31
DEL LITORAL,ratio docente parvularia,19.02,15.58,22.51,3,19.02,20.1,13.16,19.02,15.58,15.15,21.36,27.1,3
ACONCAGUA,ratio docente parvularia,14.86,11.52,22,26.78,14.86,17.11,10.83,14.86,10.29,13.67,15.71,19.24,26.78
SANTIAGO CENTRO,ratio docente parvularia,22.58,19.2,27.2,14.72,22.58,22.58,,22.92,,20.61,25.12,24.16,14.72
MAIPO SUR,ratio docente parvularia,21.91,18.66,29.19,18.79,21.91,23.57,17.75,21.91,32.75,19.32,23.67,30,18.79
SANTA CORINA,ratio docente parvularia,22.28,19.94,23.14,25.58,22.28,22.28,,22.43,18.27,20.8,22.98,22.86,24.38
CHACABUCO,ratio docente parvularia,21.76,21.67,27.06,9.81,21.76,22.23,18.23,21.79,21.13,25.32,25.74,27.73,9.81
LOS LIBERTADORES,ratio docente parvularia,25.75,23.25,27.18,29.27,25.75,25.73,27,25.75,23.67,23.14,28.69,23.74,29.27
DEL PINO,ratio docente parvularia,19.64,17.02,21.69,15.42,19.64,19.74,17.3,19.76,21.32,18.17,21.24,25.23,15.42
MAPOCHO,ratio docente parvularia,22.7,22.74,25.33,12.12,22.7,22.7,,23.09,19.67,21.84,27.46,23.8,12.12
SANTA ROSA,ratio docente parvularia,21.4,17.04,24.15,17.7,21.4,21.4,,21.84,15.68,18.38,24.33,26.25,22.13
LA QUEBRADA,ratio docente parvularia,19.47,18.02,22.64,12.86,19.47,19.47,,19.53,18.03,20.15,22.88,21.44,13.68
MANQUEHUE,ratio docente parvularia,13.71,16.34,21.13,10.96,13.71,13.71,13,13.86,,17.7,18.2,20.82,11.33
GABRIELA MISTRAL,ratio docente parvularia,18.12,16.39,19.94,13.03,18.12,18.12,,18.12,17.72,17.43,18.63,22.02,13.03
MELIPILLA,ratio docente parvularia,20.77,18.55,24.67,22.54,20.77,22.77,18.25,20.64,20.5,19.27,20.61,28.73,28.31
BARRANCAS,ratio docente parvularia,24.48,23.36,25.72,17.92,24.48,24.38,27.5,24.74,24.73,24.03,24.78,35.39,17.92
LOS VIÑEDOS,ratio docente parvularia,19.55,19.48,20.34,10.96,19.55,19.75,17.51,19.83,17.9,19.36,20.39,23.52,15.51
LOS PARQUES,ratio docente parvularia,22.01,18.55,24.2,,22.01,22.01,,22.01,18.38,21.22,22.45,24.31,
TALAGANTE,ratio docente parvularia,19.35,16.02,21.83,16.83,19.35,19.04,22.8,19.35,12.51,17.99,21.24,24.39,16.83
COSTA COLCHAGUA,ratio docente parvularia,18.23,16.81,29.56,10,18.23,21.48,15.89,18.23,14.4,20.84,16.36,18.9,10
VALLE CACHAPOAL,ratio docente parvularia,17.2,15.88,22.59,,17.2,19.71,15.47,17.2,12.86,16.4,24.34,19.75,
CACHAPOAL COSTA,ratio docente parvularia,19.18,16.72,30.23,,19.18,23.8,17.02,19.18,17.45,17.2,27.04,23,
CARDENAL CARO,ratio docente parvularia,19.14,18.01,28.75,,19.14,21.71,16.83,19.98,8,18.91,22.27,,
CACHAPOAL NORTE,ratio docente parvularia,19.42,16.76,22.13,17.65,19.42,20.53,15.08,19.42,18.35,19.02,19.64,21.53,17.65
COLCHAGUA,ratio docente parvularia,17.67,15.27,21.95,26.79,17.67,21.37,14.19,17.67,14.24,15.52,24.38,21.83,26.79
MAULE COSTA,ratio docente parvularia,18.53,16.18,25.76,21.2,18.53,20.35,15.44,19.44,14.23,18.41,25.53,32.72,21.2
LOS CEREZOS,ratio docente parvularia,15.08,12.36,22.11,20.57,15.08,18.11,11.99,15.08,12.84,13.41,17.24,27.55,20.57
LOS ÁLAMOS,ratio docente parvularia,13.98,11.06,21.63,28.38,13.98,17.03,11.81,14.03,10.85,13.25,22.35,23.18,28.38
MAULE VALLE,ratio docente parvularia,16.94,13.63,24.54,17.51,16.94,20.14,12.17,16.94,13.29,15.89,20.72,23.09,17.51
VALLE DIGUILLÍN,ratio docente parvularia,12.4,9.37,17.67,16.39,12.4,14.46,9.03,12.46,8.57,11.65,15.11,18.22,17.73
PUNILLA CORDILLERA,ratio docente parvularia,13.23,12.1,18.32,,13.23,13.57,13.03,13.43,11.83,13.11,21.56,16.68,
COSTA ITATA,ratio docente parvularia,10.3,9.77,14.54,,10.3,13.02,7.86,10.3,8.98,9.68,13,13.67,
ANDALIÉN SUR,ratio docente parvularia,15.93,13.32,18.98,13.19,15.93,16.15,13.5,16,16.97,12.54,16.77,21.14,14.72
PUELCHE,ratio docente parvularia,9.76,8.57,15.04,,9.76,12.43,6.47,9.76,5.35,8.99,16.3,,
ARAUCO NORTE,ratio docente parvularia,13.71,11.78,22.25,16.6,13.71,15.33,10.18,13.71,10.03,13.16,18.14,21.5,16.6
ARAUCO SUR,ratio docente parvularia,11,9.27,14.37,,11,12.27,10.52,11,10.66,9.91,13.95,21.8,
ANDALIÉN COSTA,ratio docente parvularia,15.11,9.4,21.29,14.61,15.11,15.16,14.3,15.11,10.51,12.05,18.65,27.31,19.58
VALLE BIOBÍO,ratio docente parvularia,12.67,11.34,16.65,,12.67,13.48,10.68,12.67,10.02,12.03,13,21.79,
LOS COPIHUES,ratio docente parvularia,15.06,9.81,21.22,17.82,15.06,17.39,10.8,15.26,11.86,11.97,18.63,25.36,17.82
LAS CALETAS,ratio docente parvularia,13.67,10.76,19.2,15.86,13.67,14.56,7.66,13.85,11.15,11.38,14.13,20.18,15.86
MALLECO COSTA,ratio docente parvularia,16.92,14.2,19.64,41.5,16.92,17.92,10.35,17.3,13.13,17.47,20.01,22.88,41.5
COSTA ARAUCANÍA,ratio docente parvularia,14.87,13.66,15.65,,14.87,17.33,12.87,15.23,12.73,17.8,17.26,,
MALLECO CORDILLERA,ratio docente parvularia,18.48,17.57,20.8,,18.48,18.97,17.8,18.48,18.45,16.46,19.85,28.23,
CAUTÍN NORTE,ratio docente parvularia,16.96,14.29,18.66,14.12,16.96,17.59,15.63,17.19,14.91,16.83,18.09,22.9,17.35
CAUTÍN SUR,ratio docente parvularia,17.43,16.08,18.3,13.4,17.43,17.75,17.05,17.52,14.69,17.59,20.52,24.08,14.93
RANCO,ratio docente parvularia,17.36,16.21,20.28,15.46,17.36,18.93,16.04,17.36,15.35,17.59,16.16,31.89,15.46
VALDIVIA,ratio docente parvularia,15.72,13.46,18.24,14.94,15.72,16.64,13.93,16.16,14.2,15.04,16.72,26.51,17.23
LLANQUIHUE,ratio docente parvularia,17.68,16.16,22.14,16.34,17.68,19.33,14.93,17.68,19.72,14.6,20.18,20,16.34
CHILOÉ,ratio docente parvularia,14.62,11.42,19.74,,14.62,18.45,10.15,14.41,8.37,13.92,18.01,14.39,36.5
OSORNO,ratio docente parvularia,15.15,13.44,17.27,13.76,15.15,15.52,14.22,15.31,11.49,14.33,17.93,23.85,13.76
RELONCAVÍ,ratio docente parvularia,18.05,13.86,25.75,16.58,18.05,20.3,14.83,18.29,14.24,16.27,21.95,24.02,18.81
AYSÉN,ratio docente parvularia,13.37,10.97,17.6,,13.37,14.69,11.04,13.66,10.72,11.59,14.83,18.1,31
MAGALLANES,ratio docente parvularia,18.29,16.39,22.43,17.08,18.29,19.63,6.2,18.92,7.5,18.08,19.4,20.11,18.57
TODAS,ratio docente parvularia,17.64,14.88,21.51,14.65,17.64,18.85,13.78,17.75,13.91,16.51,20.25,22.98,15.53
CHINCHORRO,ratio docente basica,14.15,9.67,21.7,12.46,14.15,18.65,6.25,15.64,11.63,15.46,17.67,17.72,10.97
IQUIQUE,ratio docente basica,23.94,20.62,25.34,20.23,23.94,24.26,19.49,23.68,21.51,24.23,23.46,25.68,20.23
TAMARUGAL,ratio docente basica,8.85,8.41,24.18,,8.85,,8.85,9.5,8.71,13.68,13.52,4.7,3.75
ANTOFAGASTA,ratio docente basica,21.32,20.37,26.46,14.39,21.32,21.65,6.57,21.55,14.29,22.85,23.6,23.27,15.34
LICANCABUR,ratio docente basica,20.02,16.62,30.29,15.76,20.02,24.01,5.73,20.14,20.57,23.84,20.74,17.26,14.6
ATACAMA,ratio docente basica,18.86,17.52,22,18.34,18.86,19.77,12.21,20.33,17,17.26,22.78,22.06,18.34
HUASCO,ratio docente basica,14.02,12.73,27.01,11.32,14.02,18.07,8.91,14.72,10.72,12.03,15.87,27.01,11.32
ELQUI,ratio docente basica,16.38,12.93,20.32,16.18,16.38,18.14,9.03,16.96,15.16,17.12,16.63,18.53,16.93
PUERTO CORDILLERA,ratio docente basica,16.9,12.92,20.2,18.81,16.9,18.74,7.46,17.39,10.98,16.64,18.82,20.02,18.81
LIMARÍ,ratio docente basica,10.58,8.43,20.97,41.11,10.58,20.64,6.15,11.76,8.71,11.13,16.11,24.94,38.33
CHOAPA,ratio docente basica,11.06,10.9,11.35,,11.06,18.59,7,12.2,8.21,14.78,13.66,12.73,
VALPARAÍSO,ratio docente basica,14.48,10.13,18.05,14.34,14.48,14.5,13,14.52,8.76,12.22,17.67,19.04,14.66
HANGA ROA,ratio docente basica,14.63,15.33,13.93,,14.63,14.63,,14.63,,,15.33,13.93,
COSTA CENTRAL,ratio docente basica,15,10.88,20.27,12.19,15,15.38,8.96,15.06,10.57,14.7,15.89,18.73,12.32
PETORCA,ratio docente basica,9.55,7.56,17.13,10.71,9.55,15.17,6.19,10.01,5.1,9.84,12.62,12.82,10.71
LOS ANDES,ratio docente basica,15.13,9.79,23.91,18.41,15.13,17.34,4.56,15.43,4.83,11.86,17.65,26.75,19.74
QUILLOTA,ratio docente basica,16.52,10.61,22.76,21.94,16.52,19.51,7.32,16.71,7.22,11.9,20.31,20.32,21.94
MARGA MARGA,ratio docente basica,15.66,10.97,17.93,18.84,15.66,16.39,7.14,15.75,7.94,12.89,16.26,21.09,18.84
DEL LITORAL,ratio docente basica,15.92,12.3,19.59,14.84,15.92,17.61,8.65,15.95,12.6,14.11,17.5,17.87,14.84
ACONCAGUA,ratio docente basica,12.61,8.65,20.85,18.42,12.61,15.4,7.03,12.87,7.54,12.11,14.42,17.89,18.42
SANTIAGO CENTRO,ratio docente basica,21.29,18.03,24.9,16.63,21.29,21.29,,21.98,,23.84,23.39,21.85,16.63
MAIPO SUR,ratio docente basica,20.91,16.5,27.12,19.06,20.91,22.78,15.76,20.91,32.92,17.36,20.09,29.57,21.94
SANTA CORINA,ratio docente basica,21.3,17.09,23.39,18.49,21.3,21.3,,21.65,15.83,16.9,22.86,24.13,21.11
CHACABUCO,ratio docente basica,21.88,18.55,27.33,14.51,21.88,23.18,15.3,21.94,24.26,23.06,24.34,23.75,14.51
LOS LIBERTADORES,ratio docente basica,23.31,15.96,27.84,25.96,23.31,23.28,25.54,23.31,12.26,19.48,24.83,31,25.96
DEL PINO,ratio docente basica,19.7,15.51,22.48,16.65,19.7,19.79,17.38,19.79,16.32,18.52,23.79,27.08,16.65
MAPOCHO,ratio docente basica,20.7,15.83,24.33,17.79,20.7,20.7,,21.05,13.38,20.25,22.94,22.43,17.79
SANTA ROSA,ratio docente basica,19.39,15.28,21.43,19.95,19.39,19.39,,19.66,14.66,15.49,22.16,23.81,21.89
LA QUEBRADA,ratio docente basica,18.69,15.45,21.72,14.71,18.69,18.69,,19.12,13.08,18.44,22.82,20.5,15.47
MANQUEHUE,ratio docente basica,14.39,16.89,17.57,12.91,14.39,14.44,6.07,14.62,,14.37,18.09,19.46,13.06
GABRIELA MISTRAL,ratio docente basica,18.44,13.93,21.84,14.07,18.44,18.44,,18.6,9.68,17.99,20.36,21.67,14.07
MELIPILLA,ratio docente basica,15.12,12.38,20.12,12.95,15.12,17.56,11.69,15.73,12.83,14.44,16.69,25.92,14.42
BARRANCAS,ratio docente basica,19.34,14.82,23.1,36.17,19.34,19.37,18.24,19.54,13.6,18.05,22.37,29.3,36.17
LOS VIÑEDOS,ratio docente basica,19.63,15.73,21.34,17.03,19.63,20.28,13.34,19.84,15.67,18.62,19.03,27.21,19.78
LOS PARQUES,ratio docente basica,22.31,19.6,24.02,,22.31,22.31,,22.31,16.83,22.72,22.58,23.2,
TALAGANTE,ratio docente basica,19.54,14.08,22.67,18.52,19.54,20.21,11.94,19.69,11.17,16.42,23.66,24.78,16.95
COSTA COLCHAGUA,ratio docente basica,8.85,7.1,25.97,12.43,8.85,17.9,5.91,9.7,6.06,9.27,14.24,10.47,12.43
VALLE CACHAPOAL,ratio docente basica,13.09,11.02,21.19,,13.09,17.9,9.8,13.09,9.14,12.5,18.35,25.05,
CACHAPOAL COSTA,ratio docente basica,12.56,10.35,20.19,,12.56,18.03,9.68,12.67,10.14,11.31,14.54,24.79,
CARDENAL CARO,ratio docente basica,8.64,7.84,19.44,,8.64,15.16,6.46,9.53,4.72,9.26,13.08,12.51,
CACHAPOAL NORTE,ratio docente basica,17.57,14.95,20.01,17,17.57,19.09,10.92,17.66,11.61,16.55,18.75,21.82,17
COLCHAGUA,ratio docente basica,13.15,9.68,20.25,14.87,13.15,16.2,10.35,13.15,9.13,12.98,16.53,22.09,14.87
MAULE COSTA,ratio docente basica,12.2,10.75,21.99,14,12.2,19.42,7.6,13.16,8.03,16.71,15.88,19.5,14
LOS CEREZOS,ratio docente basica,11.8,9.13,21.16,15.16,11.8,17.82,7.6,12.36,10.82,11.3,15.29,17.29,15.16
LOS ÁLAMOS,ratio docente basica,12.25,10.51,18.11,18.59,12.25,18.79,8.58,12.64,8.93,13.79,19.8,18.09,18.59
MAULE VALLE,ratio docente basica,12.08,8.68,19.54,18.8,12.08,16.09,7.36,12.27,8.12,10.6,16.58,19.81,18.8
VALLE DIGUILLÍN,ratio docente basica,10.51,6.76,17.44,20.53,10.51,14.16,6.13,10.95,6.3,10.18,14.44,18.74,21.38
PUNILLA CORDILLERA,ratio docente basica,7.63,6.26,14.19,,7.63,12.1,5.86,8.22,6.18,9.17,13.76,14.34,
COSTA ITATA,ratio docente basica,6.91,6.16,14.34,,6.91,12.63,4.73,7.4,3.79,9.07,10.71,6.29,
ANDALIÉN SUR,ratio docente basica,13.06,8.13,16.95,17.86,13.06,14.75,5.77,13.37,5.13,9.05,15.62,19.43,18.33
PUELCHE,ratio docente basica,9.44,8.44,14.13,,9.44,13.83,7.46,10.37,9.12,11.78,10.92,,
ARAUCO NORTE,ratio docente basica,9.74,8.52,17.46,18,9.74,14.03,5.88,10.95,8.11,12.42,14.47,16.15,18
ARAUCO SUR,ratio docente basica,8.41,7.04,12.1,,8.41,13.59,7.3,9.13,7.44,10.29,16.82,18.78,
ANDALIÉN COSTA,ratio docente basica,14.25,10,19.1,15.77,14.25,15.66,4.34,14.68,7.68,13.41,19.08,21.14,17.41
VALLE BIOBÍO,ratio docente basica,8.83,7.51,14.48,,8.83,13.28,5.04,10.18,6,9.5,14.35,20.93,
LOS COPIHUES,ratio docente basica,13.09,9.25,18.28,16.22,13.09,16.41,8.37,13.36,10.52,12.6,15.61,17.11,16.22
LAS CALETAS,ratio docente basica,11.41,8.64,15.88,20.66,11.41,12.86,5.33,11.77,6.7,9.48,12.93,16.84,20.66
MALLECO COSTA,ratio docente basica,12.28,11.02,14.42,20.64,12.28,15.29,9.03,12.74,10.66,13.23,17.36,20.32,20.64
COSTA ARAUCANÍA,ratio docente basica,10.34,7.94,11.68,,10.34,14.82,8.76,10.94,9.75,12.4,16.29,,
MALLECO CORDILLERA,ratio docente basica,10.08,8.58,13.75,,10.08,13.18,8.16,9.99,8.69,9.63,14.39,17.32,
CAUTÍN NORTE,ratio docente basica,13.41,11.33,14.84,16.93,13.41,18.69,8.3,13.73,10.02,16.42,17.07,19.27,17.84
CAUTÍN SUR,ratio docente basica,10.57,7.98,12.19,11.66,10.57,13.52,9,10.87,9.15,10.7,14.48,15.88,13.83
RANCO,ratio docente basica,10.94,8.24,15.62,12.47,10.94,18.92,8.38,11.95,8.92,14,14.2,15.16,12.47
VALDIVIA,ratio docente basica,10.82,8.49,13.27,16.25,10.82,15.18,7.42,11.7,7.53,11.11,15.29,18.82,17.59
LLANQUIHUE,ratio docente basica,11.84,9.54,15.81,15.99,11.84,16.97,9.44,12.05,9.52,12.8,14.34,11.39,15.99
CHILOÉ,ratio docente basica,9.17,7.77,13.14,,9.17,17.05,5.48,9.72,7.03,9.34,14.32,10.73,16.29
OSORNO,ratio docente basica,11.65,9.11,14.18,18.87,11.65,14.4,8.54,12.17,9.65,11.35,14.04,18.35,18.87
RELONCAVÍ,ratio docente basica,13.11,9.98,21.62,18.44,13.11,20.65,8.11,13.82,8.09,13.9,16.68,22.57,20.77
AYSÉN,ratio docente basica,11.83,9.08,18.01,,11.83,14.67,8.31,12.18,10.12,9.5,13.39,22.23,14.56
MAGALLANES,ratio docente basica,13.37,9.82,19.04,17.97,13.37,15.51,4.79,14.38,5.96,12.21,14.51,15.9,17.4
TODAS,ratio docente basica,14.39,10.62,19.23,15.8,14.39,17.99,7.89,14.92,9.39,14,18.19,20.63,16.18
CHINCHORRO,ratio docente media,16.82,12.74,18.88,18.29,16.82,17.65,10.01,17.1,13.65,15.15,20.17,16,18.29
IQUIQUE,ratio docente media,22.35,16.05,22.01,37.78,22.35,22.31,23.05,22.35,21.27,19.56,19.73,24.32,37.78
TAMARUGAL,ratio docente media,12.82,12.82,,,12.82,,12.82,12.82,12.03,16,,,
ANTOFAGASTA,ratio docente media,19.45,17.49,22.61,15.69,19.45,19.45,,19.66,20.21,21.52,20.38,20.64,16.31
LICANCABUR,ratio docente media,18.72,15.6,24.13,13.37,18.72,19.56,6.13,18.71,19.03,19.95,17.75,23.31,11.39
ATACAMA,ratio docente media,18.81,15.17,21.01,21.82,18.81,18.81,,20.84,,18.3,18.17,26.19,21.82
HUASCO,ratio docente media,17.61,17.1,23.53,9.33,17.61,17.68,17,17.61,15.88,16.99,20,23.53,9.33
ELQUI,ratio docente media,16.95,15.36,17.74,16.21,16.95,17.1,11.84,17.13,12.68,16.84,18.22,17.66,16.21
PUERTO CORDILLERA,ratio docente media,17.38,14.8,17.45,23.29,17.38,17.43,15,17.67,14.86,15.88,17.64,18.29,23.29
LIMARÍ,ratio docente media,16.23,12.19,18.72,25.07,16.23,16.57,13.27,16.23,12.87,15.04,17.04,21.34,23.57
CHOAPA,ratio docente media,17.44,15.29,18.87,,17.44,17.44,,17.44,15.78,17.14,19.73,17.86,
VALPARAÍSO,ratio docente media,13.86,9.33,15.06,17.64,13.86,14.01,6.14,14.1,10.54,11.65,14.14,16,17.64
HANGA ROA,ratio docente media,9.54,9.37,9.63,,9.54,9.54,,9.54,,,9.37,9.63,
COSTA CENTRAL,ratio docente media,14.18,10.2,16.62,11.95,14.18,14.26,7,13.96,9.66,15.16,16.09,14.75,11.87
PETORCA,ratio docente media,14.63,12.53,16.96,,14.63,15.13,10.32,14.63,10,13.22,15.75,17.54,
LOS ANDES,ratio docente media,14.66,10.34,17.06,18.53,14.66,14.66,,14.66,10.43,11.97,12.83,22.58,18.53
QUILLOTA,ratio docente media,15.08,11.19,17.25,15.72,15.08,15.08,,15.08,6.17,12.87,16.25,17.3,15.72
MARGA MARGA,ratio docente media,13.51,10.82,14.83,11.69,13.51,13.59,5.93,13.51,9.25,12.7,13.67,15.53,11.69
DEL LITORAL,ratio docente media,15.42,13.52,16.8,7.67,15.42,15.81,6.4,15.42,11.25,13.71,17.83,15.1,7.67
ACONCAGUA,ratio docente media,12.55,9,14.16,11.8,12.55,12.55,,12.69,11.39,11.53,15.89,11.61,11.8
SANTIAGO CENTRO,ratio docente media,18.12,14.76,19.86,16.53,18.12,18.12,,18.12,,20.5,16.37,20.2,16.53
MAIPO SUR,ratio docente media,18.18,15.05,24.99,12.94,18.18,18.4,14.96,18.18,15.67,16.57,19.88,33.45,12.94
SANTA CORINA,ratio docente media,19.93,14.22,21.08,17.77,19.93,19.93,,19.91,15.14,16.21,22.05,21.16,16.6
CHACABUCO,ratio docente media,20.15,22.33,23.38,15.26,20.15,20.06,21.46,20.15,24.04,22.42,21.58,25.12,15.26
LOS LIBERTADORES,ratio docente media,22.69,16.48,24.71,22.24,22.69,22.69,,22.69,16.05,20.55,23.38,25.73,22.24
DEL PINO,ratio docente media,18.98,14.36,20.26,17.28,18.98,19.15,15.19,19.09,17.25,18.57,20.14,21.98,17.28
MAPOCHO,ratio docente media,18.13,13.3,19.89,18.76,18.13,18.13,,18.44,13.96,18.55,17.4,21.17,18.76
SANTA ROSA,ratio docente media,17.51,9.69,19.76,14.16,17.51,17.51,,17.7,19.14,15.93,18.02,20.4,15.29
LA QUEBRADA,ratio docente media,16.7,14.24,18.62,14.7,16.7,16.7,,16.85,11.18,17.2,16.89,19.86,14.88
MANQUEHUE,ratio docente media,12.85,14.78,15.1,11.9,12.85,12.85,,13.08,,13.93,15.78,16.46,12.07
GABRIELA MISTRAL,ratio docente media,17.76,11.37,19.49,14.37,17.76,17.76,,18.18,13.34,18.24,19.86,17.46,14.37
MELIPILLA,ratio docente media,18.22,15.91,19.68,16.4,18.22,18.14,19.46,18.22,14.86,17.78,17.33,25.07,16.4
BARRANCAS,ratio docente media,21.97,13.19,25.68,23.06,21.97,22.38,9.57,20.97,15.01,20.14,21.61,26.72,23.06
LOS VIÑEDOS,ratio docente media,18.37,14.46,20.09,9.98,18.37,18.57,14.78,18.49,14.04,17.44,19.88,23.46,12.09
LOS PARQUES,ratio docente media,20.68,17.9,21.49,,20.68,20.68,,20.68,20.66,19.79,23.9,19.04,
TALAGANTE,ratio docente media,17.58,13.94,19.96,12.81,17.58,17.61,15.7,17.58,15.04,18.4,19.1,18.83,12.62
COSTA COLCHAGUA,ratio docente media,15.72,13.51,18.27,18.83,15.72,15.72,,15.72,13.91,11.5,18.85,16.54,18.83
VALLE CACHAPOAL,ratio docente media,15.77,13.82,17.93,,15.77,16.23,13.28,15.77,14.06,13.67,17.8,19.86,
CACHAPOAL COSTA,ratio docente media,14.29,12,15.95,,14.29,14.95,10.78,14.29,12.78,11.21,17.09,16.92,
CARDENAL CARO,ratio docente media,15.57,12.8,20.17,,15.57,15.57,,15.57,12.69,12.83,15.25,30,
CACHAPOAL NORTE,ratio docente media,16.61,13.78,18.12,15.59,16.61,16.74,12.25,16.54,13.5,15.21,17.63,19.72,15.59
COLCHAGUA,ratio docente media,14.76,11.81,16.01,12.93,14.76,15.07,11.17,14.76,12.74,16.03,17.61,14.19,12.93
MAULE COSTA,ratio docente media,14.8,12.6,18.55,10.6,14.8,14.67,15.46,14.8,12.45,15.81,16.71,15.68,10.6
LOS CEREZOS,ratio docente media,14.77,11.1,17.32,11.12,14.77,15.31,10.24,14.77,12.97,14.5,16.23,22.03,11.12
LOS ÁLAMOS,ratio docente media,14.94,11.18,17.93,18.29,14.94,16.05,10.37,14.94,11.45,13.62,18.91,17.89,18.29
MAULE VALLE,ratio docente media,16.19,11.89,17.14,22.71,16.19,16.33,14.53,16.19,13.14,12.34,17.59,19.49,22.71
VALLE DIGUILLÍN,ratio docente media,13.41,9.63,15.2,7.88,13.41,13.46,12.71,13.41,11.42,11.77,17.04,14.44,11.48
PUNILLA CORDILLERA,ratio docente media,12.66,12.56,12.76,,12.66,12.11,17.42,12.66,13.35,12.19,12.99,11.83,
COSTA ITATA,ratio docente media,10.63,10.11,11.8,,10.63,10.98,8.72,10.63,9,11.61,10.64,10.62,
ANDALIÉN SUR,ratio docente media,13.5,9.41,15.94,13.56,13.5,13.58,7.25,13.5,10.76,10.09,14.98,15.78,14.08
PUELCHE,ratio docente media,13.21,13.15,13.44,,13.21,13.59,10.95,13.21,10.93,15.81,12.26,,
ARAUCO NORTE,ratio docente media,12.06,10.99,14.09,7.4,12.06,12.26,9.45,12.06,10.29,11.9,16.88,11.03,7.4
ARAUCO SUR,ratio docente media,13.56,10.97,17.7,,13.56,13.11,15.03,13.56,11.58,11.51,24.27,18.21,
ANDALIÉN COSTA,ratio docente media,14.1,12.46,15.07,14.37,14.1,14.18,10.82,14.1,9.62,13.15,18.32,14.76,14.99
VALLE BIOBÍO,ratio docente media,13.28,12.26,14.09,,13.28,14,7.45,13.28,11.27,12.73,14.05,14.67,
LOS COPIHUES,ratio docente media,16.96,13.3,18.73,16.88,16.96,17.32,14.77,16.96,14.55,16.81,18.71,18.55,16.88
LAS CALETAS,ratio docente media,14.82,10.65,17.38,19.33,14.82,14.82,,14.82,9.03,12.21,15.74,18.28,19.33
MALLECO COSTA,ratio docente media,13.9,12.2,15.81,11.6,13.9,14.96,6.85,13.9,11.43,8.89,21.63,14.17,11.6
COSTA ARAUCANÍA,ratio docente media,12.49,12.14,12.78,,12.49,14.24,7.26,12.36,11.81,11.61,15.64,,
MALLECO CORDILLERA,ratio docente media,14.3,13.22,15.37,,14.3,14.3,,14.3,13.34,12.08,14.51,18.6,
CAUTÍN NORTE,ratio docente media,15.3,14.16,15.43,17.31,15.3,15.45,10.28,15.41,12.75,14.66,16.88,16.92,17.65
CAUTÍN SUR,ratio docente media,13.62,10.78,14.9,10,13.62,13.63,13.55,13.62,11.34,12.47,17.22,16.17,12.56
RANCO,ratio docente media,12.26,10.74,13.34,16.67,12.26,11.65,14.86,12.26,10.46,13.46,10.26,13.24,16.67
VALDIVIA,ratio docente media,12.93,11.98,13.65,12.06,12.93,13.35,10.32,12.93,10.44,11.8,14.84,17.06,11.77
LLANQUIHUE,ratio docente media,14.27,12.78,17.42,12.35,14.27,13.81,17.8,14.27,14.41,12.6,17.26,17.14,12.35
CHILOÉ,ratio docente media,12.13,12.29,11.95,,12.13,12.45,8.65,12.79,11.99,14.39,12.52,12.82,11.89
OSORNO,ratio docente media,15.43,12.06,17.34,14.28,15.43,15.75,12.96,15.43,14.79,15.55,15.29,17.14,14.28
RELONCAVÍ,ratio docente media,16.39,12.51,21.02,14.01,16.39,17.54,12.3,16.6,14.13,15.35,17.49,21.14,15.92
AYSÉN,ratio docente media,11.73,9.06,14.4,,11.73,12.77,8.26,11.73,10.62,7.93,14.05,15.18,15.38
MAGALLANES,ratio docente media,13.98,11.5,16.97,12.67,13.98,13.98,,13.98,10.69,11.79,14.55,16.21,13.24
TODAS,ratio docente media,16.09,12.8,18.15,14.54,16.09,16.31,12.36,16.15,13.12,15.39,17.58,18.84,14.63
CHINCHORRO,ratio docente especial,16.3,,16.3,,16.3,16.3,,16.3,,17.6,15,,
IQUIQUE,ratio docente especial,25.87,20.13,31.61,,25.87,25.87,,27.28,26,27.6,,,
TAMARUGAL,ratio docente especial,,,,,,,,,,,,,
ANTOFAGASTA,ratio docente especial,6.6,5.11,17,,6.6,6.6,,6.6,,5.21,7.99,,
LICANCABUR,ratio docente especial,1.89,1,3.67,,1.89,1.89,,1.89,,1,3.67,,
ATACAMA,ratio docente especial,2.15,1.98,3,,2.15,2.15,,2.96,,2.94,3,,
HUASCO,ratio docente especial,5.42,5.42,,,5.42,5.42,,5.42,,,5.42,,
ELQUI,ratio docente especial,14.65,9.38,16.41,,14.65,13.67,21.5,14.65,9.38,17.67,15.78,,
PUERTO CORDILLERA,ratio docente especial,10.91,5.5,12.26,,10.91,10.91,,10.91,,10.83,11.02,,
LIMARÍ,ratio docente especial,0,,0,,0,0,,0,,,,0,
CHOAPA,ratio docente especial,,,,,,,,,,,,,
VALPARAÍSO,ratio docente especial,6.64,3.63,12.67,,6.64,6.64,,6.64,4.43,2.83,,12.67,
HANGA ROA,ratio docente especial,,,,,,,,,,,,,
COSTA CENTRAL,ratio docente especial,17.98,9,22.47,,17.98,17.98,,17.98,,45,12.3,13.67,
PETORCA,ratio docente especial,4,4,,,4,3.5,5,4,,4,,,
LOS ANDES,ratio docente especial,6.88,6.88,,,6.88,6.88,,6.88,,6.88,,,
QUILLOTA,ratio docente especial,16.05,8.6,23.5,,16.05,23.5,8.6,16.05,,8.6,23.5,,
MARGA MARGA,ratio docente especial,18.14,,18.14,,18.14,18.14,,20.85,,25.52,11.5,,
DEL LITORAL,ratio docente especial,38.33,,38.33,,38.33,38.33,,38.33,,,38.33,,
ACONCAGUA,ratio docente especial,10.15,6.8,13.5,,10.15,10.15,,10.15,6.8,,13.5,,
SANTIAGO CENTRO,ratio docente especial,,,,,,,,,,,,,
MAIPO SUR,ratio docente especial,18.42,,18.42,,18.42,19.3,16.23,18.42,26.8,19.6,15.74,,
SANTA CORINA,ratio docente especial,12.25,,12.25,,12.25,12.25,,12.25,,,24.5,0,
CHACABUCO,ratio docente especial,27.13,,27.13,,27.13,27.13,,27.13,,28.75,25.5,,
LOS LIBERTADORES,ratio docente especial,9.75,9.75,,,9.75,9.75,,9.75,9.75,,,,
DEL PINO,ratio docente especial,17.39,,17.39,,17.39,17.39,,17.39,23.1,14.01,11.02,,
MAPOCHO,ratio docente especial,,,,,,,,,,,,,
SANTA ROSA,ratio docente especial,15.75,,15.75,,15.75,15.75,,15.75,12,,,19.5,
LA QUEBRADA,ratio docente especial,10.78,,10.78,,10.78,10.78,,9,6,,12,,
MANQUEHUE,ratio docente especial,,,,,,,,,,,,,
GABRIELA MISTRAL,ratio docente especial,8.5,12,5,,8.5,8.5,,12,,,12,,
MELIPILLA,ratio docente especial,18.91,16.5,20.12,,18.91,17.1,28,16.07,,11.14,21,,
BARRANCAS,ratio docente especial,20.39,,20.39,,20.39,20.39,,20.39,,,20.75,19.67,
LOS VIÑEDOS,ratio docente especial,15.96,,15.96,,15.96,15.96,,15.96,17.17,15.5,15.67,,
LOS PARQUES,ratio docente especial,22.24,,22.24,,22.24,22.24,,22.24,,19.33,21.88,25.5,
TALAGANTE,ratio docente especial,15.5,,15.5,,15.5,15.5,,15.5,9.5,18.08,13.35,19.75,
COSTA COLCHAGUA,ratio docente especial,14,14,,,14,,14,14,,,14,,
VALLE CACHAPOAL,ratio docente especial,,,,,,,,,,,,,
CACHAPOAL COSTA,ratio docente especial,14,14,,,14,14,,14,,14,,,
CARDENAL CARO,ratio docente especial,6.83,6.83,,,6.83,6.83,,6.83,,6.83,,,
CACHAPOAL NORTE,ratio docente especial,4,,4,,4,4,,4,,,4,,
COLCHAGUA,ratio docente especial,1.25,1.25,,,1.25,1.25,,1.25,,1.25,,,
MAULE COSTA,ratio docente especial,1.18,1.18,,,1.18,0.52,2.5,1.18,2.5,0.7,0.33,,
LOS CEREZOS,ratio docente especial,11.06,3.31,18.81,,11.06,10.56,13.08,11.06,11.96,28.33,6.89,,
LOS ÁLAMOS,ratio docente especial,9.55,4.91,42,,9.55,15.1,4,9.77,5.21,13.19,,,
MAULE VALLE,ratio docente especial,14.92,7.5,18.63,,14.92,15.2,13.5,14.92,2,21.83,9,13,
VALLE DIGUILLÍN,ratio docente especial,9.48,5.24,17.97,,9.48,10.19,1.75,9.48,3.08,9.09,14.11,18.5,
PUNILLA CORDILLERA,ratio docente especial,5.59,3.93,22.25,,5.59,6.66,2.74,3.81,2.77,6.33,5,,
COSTA ITATA,ratio docente especial,5.21,3.1,20,,5.21,5.21,,5.21,7.5,1.33,20,,
ANDALIÉN SUR,ratio docente especial,9.2,4.34,20.54,,9.2,10.22,0,9.2,0.51,9.59,23.83,,
PUELCHE,ratio docente especial,3.6,2.9,8.5,,3.6,3.6,,3.6,5.83,0.56,3.39,,
ARAUCO NORTE,ratio docente especial,2.04,2.04,,,2.04,4.13,1,2.04,3.06,0,,,
ARAUCO SUR,ratio docente especial,4.33,4.33,,,4.33,3.27,7,4.33,4.28,4.67,,,
ANDALIÉN COSTA,ratio docente especial,7.15,1.02,21.47,,7.15,7.15,,7.15,5,5.75,13.14,,
VALLE BIOBÍO,ratio docente especial,6.67,6.67,,,6.67,6.67,,6.67,10,0,,,
LOS COPIHUES,ratio docente especial,12.26,11.48,12.73,,12.26,12.26,,12.26,23,9.53,12.32,,
LAS CALETAS,ratio docente especial,4.65,2,7.3,,4.65,4.65,,4.65,,6.2,0,,
MALLECO COSTA,ratio docente especial,4.93,6,2.8,,4.93,4.93,,4.93,6,,2.8,,
COSTA ARAUCANÍA,ratio docente especial,24.67,,24.67,,24.67,24.67,,24.67,,,24.67,,
MALLECO CORDILLERA,ratio docente especial,,,,,,,,,,,,,
CAUTÍN NORTE,ratio docente especial,11.77,8.5,15.04,,11.77,11.77,,8.88,,13,7.5,,
CAUTÍN SUR,ratio docente especial,5.4,4.75,6.38,,5.4,5,7,5.4,3.63,6.38,7,,
RANCO,ratio docente especial,9.23,9.33,8.94,,9.23,9.23,,9.23,,9.33,8.94,,
VALDIVIA,ratio docente especial,4.77,2.21,6.47,,4.77,5.83,0.5,4.77,,4.72,0.83,9.05,
LLANQUIHUE,ratio docente especial,0,0,,,0,0,,0,0,0,,,
CHILOÉ,ratio docente especial,4.28,3.83,6.5,,4.28,3.54,5.75,4.28,3.83,4.58,,5,
OSORNO,ratio docente especial,5.87,5.87,,,5.87,7.33,0,5.87,7.92,4.5,,,
RELONCAVÍ,ratio docente especial,5.67,5.67,,,5.67,2.5,7.25,5.67,2.5,13,1.5,,
AYSÉN,ratio docente especial,11.51,5.36,17.67,,11.51,15.35,0,11.51,,10.71,6.5,22.33,
MAGALLANES,ratio docente especial,,,,,,,,,,,,,
TODAS,ratio docente especial,10.23,5.16,16.52,,10.23,10.68,6.75,10.13,7.57,9.94,11.88,13.74,